ts,t,score,event,face,attention,alertness,gaze,head,eyes,perclos,blink_rate,yawns,mic,app
2026-10-03T16:44:06,0.1,100,,1,100,100,100,100,100,0.0,0.0,0,0.0078,Tether
2026-10-03T16:44:06,1.1,98,,1,99,81,99,100,69,0.133,59.6,0,0.0141,Tether
2026-10-03T16:44:07,2.1,96,,1,77,98,54,100,97,0.067,29.8,0,0.007,Tether
2026-10-03T16:44:08,3.1,92,,1,100,100,100,100,100,0.043,19.5,0,0.0027,Tether
2026-10-03T16:44:09,4.1,94,,1,100,100,100,100,100,0.033,14.7,0,0.0028,Tether
2026-10-03T16:44:10,5.2,95,,1,100,100,100,100,100,0.053,23.6,0,0.01,Tether
2026-10-03T16:44:12,6.2,68,,1,0,100,0,0,100,0.043,19.5,0,0.0105,Tether
2026-10-03T16:44:13,7.3,49,,1,3,100,0,7,100,0.037,16.6,0,0.0099,Tether
2026-10-03T16:44:14,8.3,41,,1,3,100,0,6,100,0.033,14.6,0,0.0073,Tether
2026-10-03T16:44:15,9.3,37,,1,6,100,0,12,100,0.029,13.0,0,0.0101,Tether
2026-10-03T16:44:16,10.4,36,,1,9,100,0,19,100,0.026,11.6,0,0.003,Tether
2026-10-03T16:44:17,11.3,37,DRIFT_START,1,13,100,0,26,100,0.036,16.0,0,0.0038,Tether
2026-10-03T16:44:17,11.3,37,NUDGE,1,13,100,0,26,100,0.036,16.0,0,0.0038,Tether
2026-10-03T16:44:17,11.4,37,,1,13,100,0,26,100,0.035,15.8,0,0.0014,Tether
2026-10-03T16:44:18,12.4,38,,1,20,100,0,40,100,0.032,14.6,0,0.0073,Tether
2026-10-03T16:44:19,13.4,45,,1,57,100,14,100,100,0.04,13.5,0,0.0069,Tether
2026-10-03T16:44:20,14.5,37,,0,0,0,0,0,0,0.0,0.0,0,0.0096,Tether
2026-10-03T16:44:21,15.6,19,,1,0,100,0,0,100,0.038,15.5,0,0.0062,Tether
2026-10-03T16:44:22,16.6,15,,1,1,100,0,3,100,0.037,14.5,0,0.0044,Tether
2026-10-03T16:44:23,17.6,27,,1,65,100,30,100,100,0.034,13.7,0,0.0007,Tether
2026-10-03T16:44:24,18.7,44,,1,69,100,39,100,100,0.032,12.9,0,0.0053,Tether
2026-10-03T16:44:25,19.7,59,,1,93,100,87,100,100,0.03,12.2,0,0.0004,Tether
2026-10-03T16:44:26,20.7,69,,1,84,100,69,100,100,0.037,14.5,0,0.0003,Tether
2026-10-03T16:44:27,21.7,74,,1,50,100,0,100,100,0.03,13.8,0,0.0035,Tether
2026-10-03T16:44:28,22.7,76,DRIFT_END,1,72,100,44,100,100,0.033,15.9,0,0.0024,Tether
2026-10-03T16:44:28,22.8,76,,1,74,100,49,100,100,0.033,15.8,0,0.0078,Tether
2026-10-03T16:44:29,23.9,75,,1,56,100,12,100,100,0.037,17.7,0,0.0041,Tether
2026-10-03T16:44:30,24.9,75,,1,64,100,29,100,100,0.033,19.4,0,0.0039,Tether
2026-10-03T16:44:31,25.2,75,YAWN,1,64,75,29,100,100,0.033,19.1,1,0.0004,Tether
2026-10-03T16:44:31,25.9,75,,1,97,75,94,100,100,0.037,20.9,1,0.0079,Tether
2026-10-03T16:44:32,26.9,78,,1,100,75,100,100,100,0.041,20.1,1,0.0029,Tether
2026-10-03T16:44:33,28.0,82,,1,100,75,100,100,100,0.048,21.5,1,0.0261,Tether
2026-10-03T16:44:34,29.0,82,,1,74,75,49,100,100,0.052,22.8,1,0.0158,Tether
2026-10-03T16:44:35,30.0,79,,1,75,75,50,100,100,0.059,24.0,1,0.0007,Tether
2026-10-03T16:44:36,31.1,78,,1,96,71,92,100,95,0.07,29.0,1,0.0003,Tether
2026-10-03T16:44:37,32.1,73,,1,45,69,5,86,94,0.074,29.9,1,0.0062,Tether
2026-10-03T16:44:38,33.2,61,,1,40,70,0,80,94,0.074,29.0,1,0.0024,Tether
2026-10-03T16:44:39,34.2,60,,1,39,97,0,79,95,0.07,28.2,1,0.0069,Tether
2026-10-03T16:44:41,35.2,66,,1,71,96,68,73,95,0.07,29.0,1,0.0057,Tether
2026-10-03T16:44:42,36.3,63,,1,77,98,83,71,97,0.067,28.2,1,0.0012,Tether
2026-10-03T16:44:43,37.3,69,,1,74,98,77,70,97,0.067,27.4,1,0.0003,Tether
2026-10-03T16:44:44,38.3,73,,1,80,98,92,68,97,0.067,26.7,1,0.0012,Tether
2026-10-03T16:44:45,39.4,74,,1,37,96,0,75,94,0.073,25.9,1,0.0106,Tether
2026-10-03T16:44:46,40.4,74,,1,42,98,0,84,97,0.067,26.8,1,0.004,Tether
2026-10-03T16:44:47,41.4,69,,1,50,98,11,89,97,0.067,26.1,1,0.0041,Tether
2026-10-03T16:44:48,42.4,67,,1,51,99,14,89,98,0.063,25.5,1,0.0068,Tether
2026-10-03T16:44:49,43.5,64,,1,44,100,0,88,100,0.06,24.9,1,0.0004,Tether
2026-10-03T16:44:50,44.6,67,,1,85,100,70,100,100,0.06,25.6,1,0.0071,Tether
2026-10-03T16:44:51,45.6,75,,1,61,100,22,100,100,0.057,25.0,1,0.0003,Tether
2026-10-03T16:44:52,46.6,77,,1,100,99,100,100,98,0.063,27.1,1,0.0118,Tether
2026-10-03T16:44:53,47.7,83,,1,100,99,100,100,98,0.063,27.7,1,0.0057,Tether
2026-10-03T16:44:54,48.7,86,,1,94,97,88,100,95,0.07,28.4,1,0.0074,Tether
2026-10-03T16:44:55,49.7,86,,1,100,97,100,100,97,0.067,29.0,1,0.0026,Tether
2026-10-03T16:44:56,50.7,84,,1,59,99,18,100,100,0.06,28.4,1,0.0051,Tether
2026-10-03T16:44:57,51.6,74,YAWN,1,50,67,18,82,88,0.087,29.1,2,0.0062,Tether
2026-10-03T16:44:57,51.8,72,,1,52,64,18,87,84,0.097,29.0,2,0.0084,Tether
2026-10-03T16:44:58,52.9,64,,1,56,52,12,100,62,0.15,28.4,2,0.0003,Tether
2026-10-03T16:44:59,53.9,57,,1,50,43,0,100,48,0.183,29.0,2,0.0052,Tether
2026-10-03T16:45:00,54.9,54,,1,85,37,71,100,41,0.2,30.6,2,0.004,Tether
2026-10-03T16:45:01,56.0,60,,1,83,35,66,100,38,0.207,31.1,2,0.0065,Tether
2026-10-03T16:45:02,57.0,63,,1,100,36,100,100,38,0.207,30.6,2,0.0004,Tether
2026-10-03T16:45:03,58.0,67,,1,83,36,66,100,38,0.207,30.0,2,0.0061,Tether
2026-10-03T16:45:04,59.0,67,,1,91,36,82,100,38,0.207,29.5,2,0.0076,Tether
2026-10-03T16:45:05,60.1,73,,1,100,63,100,100,40,0.203,29.0,2,0.0006,Tether
2026-10-03T16:45:06,61.2,76,,1,100,61,100,100,37,0.21,29.0,2,0.0053,Tether
2026-10-03T16:45:07,62.2,78,,1,100,58,100,100,33,0.22,30.0,2,0.0003,Tether
2026-10-03T16:45:09,63.2,80,,1,100,58,100,100,33,0.22,30.0,2,0.0127,Tether
2026-10-03T16:45:10,64.2,82,,1,100,59,100,100,34,0.217,30.0,2,0.0113,Tether
2026-10-03T16:45:11,65.3,82,,1,83,56,66,100,30,0.227,30.0,2,0.0093,Tether
2026-10-03T16:45:12,66.3,76,,1,93,58,87,100,33,0.22,30.0,2,0.0148,Tether
2026-10-03T16:45:13,67.3,77,,1,100,57,100,100,33,0.22,31.0,2,0.0017,Tether
2026-10-03T16:45:14,68.4,80,,1,100,59,100,100,36,0.213,31.0,2,0.0004,Tether
2026-10-03T16:45:15,69.4,80,,1,96,58,92,100,36,0.213,32.0,2,0.0003,Tether
2026-10-03T16:45:16,70.4,74,,1,99,55,98,100,33,0.22,33.0,2,0.0083,Tether
2026-10-03T16:45:17,71.5,77,,1,100,63,100,100,45,0.19,32.0,2,0.0122,Tether
2026-10-03T16:45:18,72.5,81,,1,87,74,74,100,65,0.143,33.0,2,0.003,Tether
2026-10-03T16:45:19,73.6,76,,1,81,86,62,100,83,0.1,32.0,2,0.0202,Tether
2026-10-03T16:45:20,74.6,71,,1,50,94,0,100,97,0.067,32.0,2,0.0063,Tether
2026-10-03T16:45:21,75.6,68,,1,50,90,0,100,91,0.08,33.0,2,0.0022,Tether
2026-10-03T16:45:22,76.7,67,,1,50,89,0,100,91,0.08,34.0,2,0.0023,Tether
2026-10-03T16:45:23,77.7,65,,1,52,86,5,100,87,0.09,35.0,2,0.0045,Tether
2026-10-03T16:45:24,78.7,67,,1,57,86,14,100,87,0.09,35.0,2,0.0027,Tether
2026-10-03T16:45:25,79.7,67,,1,61,86,22,100,87,0.09,35.0,2,0.0004,Tether
2026-10-03T16:45:26,80.8,69,,1,90,89,81,100,91,0.08,34.0,2,0.0052,Tether
2026-10-03T16:45:27,81.9,76,,1,100,90,100,100,94,0.073,35.0,2,0.0047,Tether
2026-10-03T16:45:28,82.9,82,,1,99,91,98,100,94,0.073,34.0,2,0.0061,Tether
2026-10-03T16:45:29,83.9,86,,1,97,89,94,100,91,0.08,34.0,2,0.0011,Tether
2026-10-03T16:45:30,85.0,88,,1,92,93,85,100,95,0.07,33.0,2,0.0009,Tether
2026-10-03T16:45:31,86.0,84,,1,66,91,33,100,93,0.077,33.0,2,0.0043,Tether
2026-10-03T16:45:32,87.0,86,,1,90,93,80,100,95,0.07,33.0,2,0.0062,Tether
2026-10-03T16:45:33,88.0,82,,1,50,90,0,100,91,0.08,33.0,2,0.0049,Tether
2026-10-03T16:45:34,89.1,81,,1,100,93,100,100,94,0.073,32.0,2,0.0005,Tether
2026-10-03T16:45:35,90.2,85,,1,100,93,100,100,94,0.073,32.0,2,0.0115,Tether
2026-10-03T16:45:37,91.2,89,,1,100,95,100,100,94,0.073,29.0,2,0.0051,Tether
2026-10-03T16:45:38,92.2,91,,1,100,98,100,100,97,0.067,28.0,2,0.0049,Tether
2026-10-03T16:45:39,93.2,81,,1,47,98,0,95,97,0.067,28.0,2,0.0116,Tether
2026-10-03T16:45:40,94.3,85,,1,96,98,93,100,97,0.067,27.0,2,0.0089,Tether
2026-10-03T16:45:41,95.3,86,,1,79,100,58,100,100,0.057,27.0,2,0.0162,Tether
2026-10-03T16:45:42,96.3,87,,1,100,100,100,100,100,0.053,28.0,2,0.0078,Tether
2026-10-03T16:45:43,97.4,89,,1,100,99,100,100,100,0.05,29.0,2,0.0006,Tether
2026-10-03T16:45:44,98.4,92,,1,100,99,100,100,100,0.05,29.0,2,0.0149,Tether
2026-10-03T16:45:45,99.5,90,,1,50,100,0,100,100,0.053,28.0,2,0.0213,Tether
2026-10-03T16:45:46,100.5,48,,0,0,0,0,0,0,0.0,0.0,2,0.0008,Tether
2026-10-03T16:45:47,101.5,23,,0,0,0,0,0,0,0.0,0.0,2,0.0205,Tether
2026-10-03T16:45:48,102.6,11,,0,0,0,0,0,0,0.0,0.0,2,0.0188,Tether
2026-10-03T16:45:49,103.6,6,,0,0,0,0,0,0,0.0,0.0,2,0.0425,Tether
2026-10-03T16:45:50,104.5,3,DRIFT_START,0,0,0,0,0,0,0.0,0.0,2,0.0851,Tether
2026-10-03T16:45:50,104.5,3,NUDGE,0,0,0,0,0,0,0.0,0.0,2,0.0851,Tether
2026-10-03T16:45:50,104.6,3,,0,0,0,0,0,0,0.0,0.0,2,0.0596,Tether
2026-10-03T16:45:51,105.6,20,,1,81,100,62,100,100,0.052,28.0,2,0.0314,Tether
2026-10-03T16:45:52,106.6,32,,1,7,100,0,15,100,0.049,26.0,2,0.0075,Tether
2026-10-03T16:45:53,107.6,30,,0,0,0,0,0,0,0.0,0.0,2,0.0207,Tether
2026-10-03T16:45:54,108.7,27,,1,92,100,84,100,100,0.035,24.0,2,0.0042,Tether
2026-10-03T16:45:55,109.7,45,,1,96,100,93,100,100,0.033,23.0,2,0.0022,Tether
2026-10-03T16:45:56,110.7,42,,0,0,0,0,0,0,0.0,0.0,2,0.1144,Tether
2026-10-03T16:45:57,111.7,35,,1,48,100,9,88,100,0.023,22.0,2,0.001,Tether
2026-10-03T16:45:58,112.7,46,,1,8,100,0,17,100,0.027,23.0,2,0.0159,Tether
2026-10-03T16:45:59,113.7,46,,1,52,100,100,4,100,0.034,24.0,2,0.0592,Tether
2026-10-03T16:46:00,114.8,52,,1,17,100,0,34,100,0.034,21.0,2,0.0115,Tether
2026-10-03T16:46:01,115.8,56,,1,93,100,86,100,100,0.027,20.0,2,0.0126,Tether
2026-10-03T16:46:02,116.9,63,,1,32,94,20,45,90,0.084,20.0,2,0.0816,Tether
2026-10-03T16:46:03,117.9,58,,1,40,92,0,80,86,0.091,21.0,2,0.0314,Tether
2026-10-03T16:46:04,118.9,60,,1,71,91,43,100,85,0.095,22.0,2,0.0004,Tether
2026-10-03T16:46:05,120.0,59,,1,46,81,27,65,69,0.134,22.0,2,0.0063,Tether
2026-10-03T16:46:06,121.0,66,,1,100,83,100,100,72,0.127,21.0,2,0.0084,Tether
2026-10-03T16:46:07,122.0,63,,1,43,84,0,86,74,0.12,20.0,2,0.0102,Tether
2026-10-03T16:46:08,123.0,66,,1,56,85,13,100,75,0.118,20.0,2,0.0192,Tether
2026-10-03T16:46:09,124.1,69,,1,96,86,93,100,78,0.112,21.0,2,0.0073,Tether
2026-10-03T16:46:11,125.2,69,,1,55,83,100,11,72,0.127,21.0,2,0.003,Tether
2026-10-03T16:46:11,125.3,69,DRIFT_END,1,43,83,49,36,71,0.128,21.0,2,0.0088,Tether
2026-10-03T16:46:12,126.2,66,,1,67,81,84,50,69,0.133,21.0,2,0.0169,Tether
2026-10-03T16:46:13,127.2,69,,1,85,80,83,88,67,0.139,20.0,2,0.0153,Tether
2026-10-03T16:46:14,128.3,63,,1,35,79,0,70,66,0.141,21.0,2,0.1046,Tether
2026-10-03T16:46:15,129.3,59,,1,44,75,0,89,59,0.158,21.0,2,0.0535,Tether
2026-10-03T16:46:16,130.3,55,,1,47,68,0,94,47,0.187,21.0,2,0.0594,Tether
2026-10-03T16:46:17,131.3,57,,1,86,64,73,100,41,0.201,21.0,2,0.0425,Tether
2026-10-03T16:46:18,132.4,62,,1,50,63,0,100,38,0.207,21.0,2,0.0091,Tether
2026-10-03T16:46:19,133.5,63,,1,66,54,32,100,24,0.241,21.0,2,0.0296,Tether
2026-10-03T16:46:20,134.5,64,,1,59,54,19,100,24,0.241,21.0,2,0.0154,Tether
2026-10-03T16:46:21,135.5,65,,1,80,55,61,100,25,0.24,20.0,2,0.0109,Tether
2026-10-03T16:46:22,136.5,69,,1,100,63,100,100,38,0.207,19.0,2,0.0129,Tether
2026-10-03T16:46:23,137.6,62,,1,32,66,0,65,44,0.193,19.0,2,0.014,Tether
2026-10-03T16:46:24,138.6,59,,1,72,67,44,100,45,0.19,19.0,2,0.0083,Tether
2026-10-03T16:46:25,139.6,64,,1,92,74,84,100,56,0.163,19.0,2,0.0233,Tether
2026-10-03T16:46:26,140.7,67,,1,65,78,30,100,63,0.147,19.0,2,0.084,Tether
2026-10-03T16:46:27,141.7,64,,1,50,78,0,100,63,0.147,18.0,2,0.0563,Tether
2026-10-03T16:46:28,142.8,62,,1,50,75,0,100,58,0.16,19.0,2,0.0004,Tether
2026-10-03T16:46:29,143.8,58,,1,34,71,0,68,52,0.173,19.0,2,0.0057,Tether
2026-10-03T16:46:30,144.8,54,,1,50,70,0,100,51,0.177,20.0,2,0.0379,Tether
2026-10-03T16:46:31,145.9,56,,1,50,70,0,100,50,0.18,19.0,2,0.023,Tether
2026-10-03T16:46:32,146.9,56,,1,50,66,0,100,44,0.193,20.0,2,0.0037,Tether
2026-10-03T16:46:33,147.9,49,,1,31,57,0,63,29,0.23,19.0,2,0.0056,Tether
2026-10-03T16:46:34,149.0,48,,1,48,49,3,94,15,0.263,19.0,2,0.0139,Tether
2026-10-03T16:46:35,150.0,36,,1,29,40,0,59,1,0.297,19.0,2,0.0139,Tether
2026-10-03T16:46:36,151.0,36,,1,46,40,6,85,0,0.307,19.0,2,0.0093,Tether
2026-10-03T16:46:37,151.8,38,DRIFT_START,1,50,40,0,100,0,0.327,21.0,2,0.0105,Tether
2026-10-03T16:46:37,151.8,38,NUDGE,1,50,40,0,100,0,0.327,21.0,2,0.0105,Tether
2026-10-03T16:46:37,152.0,39,,1,50,40,0,100,0,0.327,21.0,2,0.1014,Tether
2026-10-03T16:46:38,153.1,43,,1,91,40,82,100,0,0.3,22.0,2,0.0046,Tether
2026-10-03T16:46:40,154.2,49,,1,53,41,7,100,2,0.293,22.0,2,0.0125,Tether
2026-10-03T16:46:41,155.2,45,,1,50,40,0,100,0,0.3,23.0,2,0.0051,Tether
2026-10-03T16:46:42,156.2,45,,1,47,40,0,95,0,0.307,23.0,2,0.0078,Tether
2026-10-03T16:46:43,157.3,46,,1,69,40,38,100,0,0.32,23.0,2,0.0258,Tether
2026-10-03T16:46:44,158.3,50,,1,52,40,4,100,0,0.317,24.0,2,0.012,Tether
2026-10-03T16:46:45,159.3,48,,1,50,40,0,100,0,0.333,25.0,2,0.0154,Tether
2026-10-03T16:46:46,160.3,52,,1,84,40,69,100,0,0.343,25.0,2,0.0057,Tether
2026-10-03T16:46:47,161.4,49,,1,23,40,0,46,0,0.36,26.0,2,0.004,Tether
2026-10-03T16:46:48,162.5,38,,1,11,40,0,22,0,0.36,26.0,2,0.0045,Tether
2026-10-03T16:46:49,163.5,41,,1,100,40,100,100,0,0.33,26.0,2,0.0097,Tether
2026-10-03T16:46:50,164.5,49,,1,82,40,64,100,0,0.307,26.0,2,0.0065,Tether
2026-10-03T16:46:51,165.6,50,,1,50,40,0,100,0,0.323,27.0,2,0.0537,Tether
2026-10-03T16:46:52,166.6,53,,1,97,40,100,95,0,0.31,28.0,2,0.0084,Tether
2026-10-03T16:46:53,167.6,56,,1,62,43,71,54,5,0.287,28.0,2,0.0603,Tether
2026-10-03T16:46:54,168.6,57,,1,89,55,100,79,25,0.24,28.0,2,0.0017,Tether
2026-10-03T16:46:55,169.7,61,,1,83,64,97,69,40,0.203,28.0,2,0.0099,Tether
2026-10-03T16:46:56,170.8,56,,1,28,77,0,56,62,0.15,28.0,2,0.0673,Tether
2026-10-03T16:46:57,171.8,53,,1,33,77,0,67,63,0.147,29.0,2,0.0408,Tether
2026-10-03T16:46:58,172.8,40,,1,0,80,0,0,66,0.14,28.0,2,0.013,Tether
2026-10-03T16:46:59,173.8,43,,1,53,76,6,100,61,0.153,28.0,2,0.0187,Tether
2026-10-03T16:47:00,174.9,51,,1,73,77,46,100,63,0.147,29.0,2,0.0023,Tether
2026-10-03T16:47:01,175.9,53,,1,50,79,0,100,66,0.14,29.0,2,0.0213,Tether
2026-10-03T16:47:02,176.9,56,,1,45,74,7,84,59,0.157,30.0,2,0.0043,Tether
2026-10-03T16:47:03,178.0,49,,1,65,70,43,87,55,0.167,31.0,2,0.0295,Tether
2026-10-03T16:47:04,179.0,25,,0,0,0,0,0,0,0.0,0.0,2,0.0137,Tether
2026-10-03T16:47:05,180.0,29,,1,4,78,0,8,69,0.134,31.0,2,0.0037,Tether
2026-10-03T16:47:06,181.1,25,,1,14,81,15,13,74,0.122,32.0,2,0.0136,Tether
2026-10-03T16:47:07,182.1,30,,1,7,78,15,0,72,0.126,33.0,2,0.1051,Tether
2026-10-03T16:47:09,183.2,26,,1,2,79,0,4,71,0.128,32.0,2,0.1014,Tether
2026-10-03T16:47:10,184.2,27,,1,13,79,0,26,71,0.128,32.0,2,0.0192,Tether
2026-10-03T16:47:11,185.2,27,,1,0,84,0,0,77,0.113,31.0,2,0.0045,Tether
2026-10-03T16:47:12,186.3,40,,1,46,85,0,93,80,0.106,31.0,2,0.0111,Tether
2026-10-03T16:47:13,187.3,38,,1,29,84,0,59,79,0.109,32.0,2,0.0057,Tether
2026-10-03T16:47:14,188.3,34,,1,31,74,43,20,64,0.146,33.0,2,0.0163,Tether
2026-10-03T16:47:15,189.3,41,NUDGE,1,75,73,50,100,62,0.15,33.0,2,0.0163,Tether
2026-10-03T16:47:15,189.3,41,,1,75,73,50,100,62,0.15,33.0,2,0.0163,Tether
2026-10-03T16:47:16,190.4,46,,1,73,72,47,100,61,0.153,33.0,2,0.0109,Tether
2026-10-03T16:47:17,191.5,59,,1,100,75,100,100,67,0.139,33.0,2,0.0083,Tether
2026-10-03T16:47:18,192.5,66,,1,88,75,77,100,67,0.139,33.0,2,0.0041,Tether
2026-10-03T16:47:19,193.5,71,,1,100,76,100,100,70,0.131,34.0,2,0.0269,Tether
2026-10-03T16:47:20,194.6,76,,1,100,79,100,100,74,0.12,34.0,2,0.0162,Tether
2026-10-03T16:47:20,194.8,77,DRIFT_END,1,91,79,82,100,74,0.12,34.0,2,0.0106,Tether
2026-10-03T16:47:21,195.6,76,,1,58,77,16,100,73,0.124,35.0,2,0.0201,Tether
